FILE_NAME,HASH_TOTAL,FILE_FQN
inbound812v4010CockpitRS.ruleset,c6e0813f9559c48c7a13c0a75722cc9804c4ef0f,com.cleo.cic.cockpit.core.n812.inbound.inbound812v4010CockpitRS.ruleset
inbound812v4030CockpitRS.ruleset,81fe901bf8be00f4c6c5ad7857189c822798ef88,com.cleo.cic.cockpit.core.n812.inbound.inbound812v4030CockpitRS.ruleset
inbound812v4060CockpitRS.ruleset,1acc2048d622e67b817d36344721ffa57abbe680,com.cleo.cic.cockpit.core.n812.inbound.inbound812v4060CockpitRS.ruleset
inbound812v5010CockpitRS.ruleset,5875bff5648c1b2d75f8fc0ad91aba2150007674,com.cleo.cic.cockpit.core.n812.inbound.inbound812v5010CockpitRS.ruleset
outbound812v4010CockpitRS.ruleset,3d2d53e7ce6e40e34d83fa27bea04e67d13ed74a,com.cleo.cic.cockpit.core.n812.outbound.outbound812v4010CockpitRS.ruleset
outbound812v5010CockpitRS.ruleset,b1474dd2abb6ce1e7dfd935ba0dbee16264c58be,com.cleo.cic.cockpit.core.n812.outbound.outbound812v5010CockpitRS.ruleset
inbound824v4010CockpitRS.ruleset,6382a3c46e86eb2e3c58dc6a2e9329faee5cf2a1,com.cleo.cic.cockpit.core.n824.inbound.inbound824v4010CockpitRS.ruleset
inbound824v4030CockpitRS.ruleset,bc33ad932ecf0f7da36970e045b4ed85ad32580a,com.cleo.cic.cockpit.core.n824.inbound.inbound824v4030CockpitRS.ruleset
inbound824v4060CockpitRS.ruleset,b24b1e272d0867653a57a42a176b57322561c862,com.cleo.cic.cockpit.core.n824.inbound.inbound824v4060CockpitRS.ruleset
inbound824v5010CockpitRS.ruleset,8e764ebb58557e3e23f08e6b7cd2bd35f68a341b,com.cleo.cic.cockpit.core.n824.inbound.inbound824v5010CockpitRS.ruleset
outbound824v4010CockpitRS.ruleset,5d879fbca86770e5f72adf73dbe7b927b9855586,com.cleo.cic.cockpit.core.n824.outbound.outbound824v4010CockpitRS.ruleset
outbound824v5010CockpitRS.ruleset,23e580219fa353466e0f3de72d84d14ecf4952ee,com.cleo.cic.cockpit.core.n824.outbound.outbound824v5010CockpitRS.ruleset
inbound830v4010CockpitRS.ruleset,3f9824bf29174f6d88887a5889e33f277ce0a92f,com.cleo.cic.cockpit.core.n830.inbound.inbound830v4010CockpitRS.ruleset
inbound830v5010CockpitRS.ruleset,bf1177911d9593598a4b21f8035cb37297703f1f,com.cleo.cic.cockpit.core.n830.inbound.inbound830v5010CockpitRS.ruleset
inbound204v3030CockpitRS.ruleset,e9200011e775ca0e15bbf642d3f3ccf9406313cd,com.cleo.cic.cockpit.core.n204.inbound.inbound204v3030CockpitRS.ruleset
inbound204v3040CockpitRS.ruleset,2416c3d4b3da601cef316b96a5707d3cc64764f4,com.cleo.cic.cockpit.core.n204.inbound.inbound204v3040CockpitRS.ruleset
inbound204v4010CockpitRS.ruleset,eb97b3e7fa9dbae802be5bda0cf38656192a2b47,com.cleo.cic.cockpit.core.n204.inbound.inbound204v4010CockpitRS.ruleset
inbound204v5010CockpitRS.ruleset,d27c88fa59bc5dad70b938dccfca97342205f539,com.cleo.cic.cockpit.core.n204.inbound.inbound204v5010CockpitRS.ruleset
outbound204v4010CockpitRS.ruleset,1945134ee4e068035c1f58657d6cb8461d9a5eff,com.cleo.cic.cockpit.core.n204.outbound.outbound204v4010CockpitRS.ruleset
inbound820v4010CockpitRS.ruleset,bc81f1b1cf39d85b8bcbaa39a6811888ba0f8718,com.cleo.cic.cockpit.core.n820.inbound.inbound820v4010CockpitRS.ruleset
inbound820v4030CockpitRS.ruleset,0604fa01e8986bae14919a9e07449ec9b66d617c,com.cleo.cic.cockpit.core.n820.inbound.inbound820v4030CockpitRS.ruleset
inbound820v4060CockpitRS.ruleset,9ae54d10d0bcf86260ac77af81cc78c3dd716f6e,com.cleo.cic.cockpit.core.n820.inbound.inbound820v4060CockpitRS.ruleset
inbound820v5010CockpitRS.ruleset,aa4cd3ff4b83c200bcd192096aaad209024a52c2,com.cleo.cic.cockpit.core.n820.inbound.inbound820v5010CockpitRS.ruleset
inbound820v5020CockpitRS.ruleset,b50669bca2e2c9ba6ab92c29d465cccaf03f2acb,com.cleo.cic.cockpit.core.n820.inbound.inbound820v5020CockpitRS.ruleset
outbound820v4010CockpitRS.ruleset,aa11bcee9363c9fdd77df494cad6b8081919a3a9,com.cleo.cic.cockpit.core.n820.outbound.outbound820v4010CockpitRS.ruleset
outbound820v5010CockpitRS.ruleset,e4a6f6507f097299b569b784f122cc8b2111bef4,com.cleo.cic.cockpit.core.n820.outbound.outbound820v5010CockpitRS.ruleset
inbound810v4010CockpitRS.ruleset,806294f37386c17d28a412e9b3aa3f26bc340257,com.cleo.cic.cockpit.core.n810.inbound.inbound810v4010CockpitRS.ruleset
inbound810v5010CockpitRS.ruleset,4af52d62a9e4c3eec472fc1c244ca392c10d271a,com.cleo.cic.cockpit.core.n810.inbound.inbound810v5010CockpitRS.ruleset
outbound810v4010CockpitRS.ruleset,5ce8d7e9b25b5d998e26c9e76df53bf1fc0bad95,com.cleo.cic.cockpit.core.n810.outbound.outbound810v4010CockpitRS.ruleset
outbound810v4030CockpitRS.ruleset,6c59a268d91360d1ad5343db3283efa52d5ed01f,com.cleo.cic.cockpit.core.n810.outbound.outbound810v4030CockpitRS.ruleset
outbound810v4050CockpitRS.ruleset,2f53f5ce7ca3ff1641eab882b7601f34aef9c8c6,com.cleo.cic.cockpit.core.n810.outbound.outbound810v4050CockpitRS.ruleset
outbound810v5010CockpitRS.ruleset,b50ef7aa36da91f221e6fb570e3253bad75fef58,com.cleo.cic.cockpit.core.n810.outbound.outbound810v5010CockpitRS.ruleset
outbound810v6010CockpitRS.ruleset,d41ea257e17f5862d122f4b6bd809c418858c567,com.cleo.cic.cockpit.core.n810.outbound.outbound810v6010CockpitRS.ruleset
inbound832v4010CockpitRS.ruleset,df4d087af01d169cd294979e192a05be37567d78,com.cleo.cic.cockpit.core.n832.inbound.inbound832v4010CockpitRS.ruleset
inbound832v5010CockpitRS.ruleset,83cf95cd22a6513bb7a3080a235b4473e57389ef,com.cleo.cic.cockpit.core.n832.inbound.inbound832v5010CockpitRS.ruleset
outbound832v4010CockpitRS.ruleset,a8c2ab5c6bbbba82ac0274ff2fba33a650f631c0,com.cleo.cic.cockpit.core.n832.outbound.outbound832v4010CockpitRS.ruleset
outbound832v4030CockpitRS.ruleset,9b993a851d27889591e8eebad04a3043bdad9c72,com.cleo.cic.cockpit.core.n832.outbound.outbound832v4030CockpitRS.ruleset
inbound856v4010CockpitRS.ruleset,42527b9bf428d0d209667906b09b92c7b0f24d04,com.cleo.cic.cockpit.core.n856.inbound.inbound856v4010CockpitRS.ruleset
inbound856v4030CockpitRS.ruleset,593c5603449bc9c20098db6a2ff4b8b12d29af0b,com.cleo.cic.cockpit.core.n856.inbound.inbound856v4030CockpitRS.ruleset
inbound856v5010CockpitRS.ruleset,9483d33105e7f4d2fafe805a5b55cca6618eb42b,com.cleo.cic.cockpit.core.n856.inbound.inbound856v5010CockpitRS.ruleset
inbound856v6010CockpitRS.ruleset,cfbfba2d9b9f8efa20537599b83c58ad33ca10c0,com.cleo.cic.cockpit.core.n856.inbound.inbound856v6010CockpitRS.ruleset
outbound856v4010CockpitRS.ruleset,a83c39c40ac52e26bb29ddf0daccef90de715cc4,com.cleo.cic.cockpit.core.n856.outbound.outbound856v4010CockpitRS.ruleset
outbound856v4030CockpitRS.ruleset,1a1736a52ed4128d417388f7e21d77415383b36d,com.cleo.cic.cockpit.core.n856.outbound.outbound856v4030CockpitRS.ruleset
outbound856v4050CockpitRS.ruleset,952d3480e1033f5df4a227849c90a9feb0fe4a02,com.cleo.cic.cockpit.core.n856.outbound.outbound856v4050CockpitRS.ruleset
outbound856v5010CockpitRS.ruleset,0ae7d27cdef853a35221a4e0c2a346fa1aeb7df8,com.cleo.cic.cockpit.core.n856.outbound.outbound856v5010CockpitRS.ruleset
outbound856v6010CockpitRS.ruleset,1c2beb6b07d9c0165261458c53aaa8df0ec620fe,com.cleo.cic.cockpit.core.n856.outbound.outbound856v6010CockpitRS.ruleset
inbound852v4010CockpitRS.ruleset,9d216733f7006df69a9cb6116416fab145e7aa96,com.cleo.cic.cockpit.core.n852.inbound.inbound852v4010CockpitRS.ruleset
inbound852v4030CockpitRS.ruleset,0e1388357904a354e143bf027b7069faae717875,com.cleo.cic.cockpit.core.n852.inbound.inbound852v4030CockpitRS.ruleset
inbound852v5010CockpitRS.ruleset,4f3445b2d78ec6ed814032339f785dd30da6c16b,com.cleo.cic.cockpit.core.n852.inbound.inbound852v5010CockpitRS.ruleset
inbound852v6010CockpitRS.ruleset,b2cde394218e06237a88c6fe65d03e0c1169defd,com.cleo.cic.cockpit.core.n852.inbound.inbound852v6010CockpitRS.ruleset
outbound852v4010CockpitRS.ruleset,3392ffd3e751279f8ceb0b07f193b2e737a45f9c,com.cleo.cic.cockpit.core.n852.outbound.outbound852v4010CockpitRS.ruleset
outbound852v5010CockpitRS.ruleset,58ef9d3504b3ed27cc0e07032ee8b3ed7de6fb80,com.cleo.cic.cockpit.core.n852.outbound.outbound852v5010CockpitRS.ruleset
inbound864v4010CockpitRS.ruleset,975d827a09451d2fb57287772c8202d64841dc71,com.cleo.cic.cockpit.core.n864.inbound.inbound864v4010CockpitRS.ruleset
inbound864v4030CockpitRS.ruleset,453fe26b7cbc5517aed15e4bbec34153298f9ade,com.cleo.cic.cockpit.core.n864.inbound.inbound864v4030CockpitRS.ruleset
inbound864v4060CockpitRS.ruleset,3bbbf9da8d3d0d444edd3cb96e2502887874e452,com.cleo.cic.cockpit.core.n864.inbound.inbound864v4060CockpitRS.ruleset
inbound864v5010CockpitRS.ruleset,1aecc3bb82a2738c1d9c2f5d6bc5c05da608fdf4,com.cleo.cic.cockpit.core.n864.inbound.inbound864v5010CockpitRS.ruleset
inbound864v5010CockpitRS.ruleset,cd4b13cce1d5d4505e1601e4a9072bfc01b41039,com.cleo.cic.cockpit.core.n864.inbound864v5010CockpitRS.ruleset
outbound864v4010CockpitRS.ruleset,863d6a7e1b81164c5ffb7894a011556d1ae6667b,com.cleo.cic.cockpit.core.n864.outbound.outbound864v4010CockpitRS.ruleset
outbound864v5010CockpitRS.ruleset,e5caed4f3e426e3d9e77c2d6cfca9d1dab458f40,com.cleo.cic.cockpit.core.n864.outbound.outbound864v5010CockpitRS.ruleset
inbound875v4010CockpitRS.ruleset,1dbc45a099f630e6103b890a38630f58bdd7f424,com.cleo.cic.cockpit.core.n875.inbound.inbound875v4010CockpitRS.ruleset
inbound875v4030CockpitRS.ruleset,4c5aa826115f405d1d791b16925e24b5a71c3032,com.cleo.cic.cockpit.core.n875.inbound.inbound875v4030CockpitRS.ruleset
inbound875v5010CockpitRS.ruleset,23cc2a3a5cda556c48da9685e23262a28ef807b7,com.cleo.cic.cockpit.core.n875.inbound.inbound875v5010CockpitRS.ruleset
outbound875v4010CockpitRS.ruleset,b47b226a07fbc44262fdad41afca7f080011e24d,com.cleo.cic.cockpit.core.n875.outbound.outbound875v4010CockpitRS.ruleset
outbound875v5010CockpitRS.ruleset,1ec75635e3891d328f4d9972e66c1d21aa4af2dc,com.cleo.cic.cockpit.core.n875.outbound.outbound875v5010CockpitRS.ruleset
inbound855v4010CockpitRS.ruleset,c4a5760f39cc32dc962392286964895e8e944175,com.cleo.cic.cockpit.core.n855.inbound.inbound855v4010CockpitRS.ruleset
inbound855v5010CockpitRS.ruleset,60f8a188a72fef496756636365c30ecacb1814f0,com.cleo.cic.cockpit.core.n855.inbound.inbound855v5010CockpitRS.ruleset
outbound855v4010CockpitRS.ruleset,42fb098ae7406427c0a412d657e911a288ea3137,com.cleo.cic.cockpit.core.n855.outbound.outbound855v4010CockpitRS.ruleset
outbound855v4030CockpitRS.ruleset,3aa7785e722a7985b9ffb82f2a4872e694078dc4,com.cleo.cic.cockpit.core.n855.outbound.outbound855v4030CockpitRS.ruleset
outbound855v5010CockpitRS.ruleset,d279510ff9637ba0302972faa7d7d192a6dc40f1,com.cleo.cic.cockpit.core.n855.outbound.outbound855v5010CockpitRS.ruleset
inboundErrorCockpitRS.ruleset,033e3f229fab3c95e8ff31f300f1136c740da27d,com.cleo.cic.cockpit.core.inbound.inboundErrorCockpitRS.ruleset
outboundErrorCockpitRS.ruleset,e75a01b37e128b0d3f7f1b66ca6b8270de6f8307,com.cleo.cic.cockpit.core.outbound.outboundErrorCockpitRS.ruleset
inbound860v4010CockpitRS.ruleset,fc722a4049ad47024207a9033bb0a040aecaaf16,com.cleo.cic.cockpit.core.n860.inbound.inbound860v4010CockpitRS.ruleset
inbound860v4030CockpitRS.ruleset,30ad665ee94b89930d4e5ce3d82437ad29ed71a0,com.cleo.cic.cockpit.core.n860.inbound.inbound860v4030CockpitRS.ruleset
inbound860v4040CockpitRS.ruleset,cf3cdf9d4bf5641b9d5674c3b811074aebf7acd1,com.cleo.cic.cockpit.core.n860.inbound.inbound860v4040CockpitRS.ruleset
inbound860v4060CockpitRS.ruleset,a5d740b4357c722e9a7b59eae61839cc7e6e7707,com.cleo.cic.cockpit.core.n860.inbound.inbound860v4060CockpitRS.ruleset
inbound860v5010CockpitRS.ruleset,b67f4b563c42a09707fd97962b3b57297ff919e5,com.cleo.cic.cockpit.core.n860.inbound.inbound860v5010CockpitRS.ruleset
inbound850v3050CockpitRS.ruleset,5586457fad6b795fb460f464e3b93746c4562743,com.cleo.cic.cockpit.core.n850.inbound.inbound850v3050CockpitRS.ruleset
inbound850v4010CockpitRS.ruleset,3c59d4bee98921c43d51db7e1a5b2f081d27f316,com.cleo.cic.cockpit.core.n850.inbound.inbound850v4010CockpitRS.ruleset
inbound850v4030CockpitRS.ruleset,f2cef89c896bd57d8311375914c28a2bec4bdc66,com.cleo.cic.cockpit.core.n850.inbound.inbound850v4030CockpitRS.ruleset
inbound850v4040CockpitRS.ruleset,f7a878a199ca7711e9c7c8a02e6dbd57d38e5c43,com.cleo.cic.cockpit.core.n850.inbound.inbound850v4040CockpitRS.ruleset
inbound850v4050CockpitRS.ruleset,ba36e495c553d0f8e6c0beadd288bb2d2afdb4ee,com.cleo.cic.cockpit.core.n850.inbound.inbound850v4050CockpitRS.ruleset
inbound850v4060CockpitRS.ruleset,9c347f3115d0787cf6106832a62c3e5c94cd262b,com.cleo.cic.cockpit.core.n850.inbound.inbound850v4060CockpitRS.ruleset
inbound850v5010CockpitRS.ruleset,0c8f7a5fe7d577dde60fafe77603e05a940cfa7f,com.cleo.cic.cockpit.core.n850.inbound.inbound850v5010CockpitRS.ruleset
inbound850v5030CockpitRS.ruleset,f82391b5495dd93a24c82fb118b6789b60c9f61b,com.cleo.cic.cockpit.core.n850.inbound.inbound850v5030CockpitRS.ruleset
inbound850v6010CockpitRS.ruleset,11d426b0092d204f2b9b447b744b6c1afaf3ce3d,com.cleo.cic.cockpit.core.n850.inbound.inbound850v6010CockpitRS.ruleset
outbound850v4010CockpitRS.ruleset,795d4e229b181ebc9f650ed2008657194c7f5904,com.cleo.cic.cockpit.core.n850.outbound.outbound850v4010CockpitRS.ruleset
outbound850v4030CockpitRS.ruleset,91d0d552c1cb4fae80e122b073b6ac76f76df3d1,com.cleo.cic.cockpit.core.n850.outbound.outbound850v4030CockpitRS.ruleset
outbound850v5010CockpitRS.ruleset,0dbba370726ed3126a0434724c19beea0e9c471f,com.cleo.cic.cockpit.core.n850.outbound.outbound850v5010CockpitRS.ruleset
inbound862v4010CockpitRS.ruleset,e77505b592eb24846b591269062d32ef17bae032,com.cleo.cic.cockpit.core.n862.inbound.inbound862v4010CockpitRS.ruleset
inbound880v4010CockpitRS.ruleset,8340a13c18c9e15d9ec119ce87de8762186b2c68,com.cleo.cic.cockpit.core.n880.inbound.inbound880v4010CockpitRS.ruleset
inbound880v5010CockpitRS.ruleset,8e76747f893f0d9e1ad1d57988e50a316fd67442,com.cleo.cic.cockpit.core.n880.inbound.inbound880v5010CockpitRS.ruleset
outbound880v4010CockpitRS.ruleset,0e777394d0da683a3f06b76f7ac68a9bd7caab64,com.cleo.cic.cockpit.core.n880.outbound.outbound880v4010CockpitRS.ruleset
outbound880v4030CockpitRS.ruleset,1dca53e2ad5ffa3249234d12298cb405b97fab05,com.cleo.cic.cockpit.core.n880.outbound.outbound880v4030CockpitRS.ruleset
outbound880v5010CockpitRS.ruleset,4d1fe852181cf285ba069f65f1431292bf4b3a5b,com.cleo.cic.cockpit.core.n880.outbound.outbound880v5010CockpitRS.ruleset
